algorithm,tp_ratio,mse
baseline,0.784135,0.0804121341489
distknn,0.78306,0.0801896691041
linproj,0.415655,0.126607883658
pwlinproj,0.46915,0.11248037554
