algorithm,test samples,TPs,accuracy,average taxonomic overlap
ts+distknn(k=5),8943,1912,0.2138,0.45169
ts+distknn(k=10),8943,1991,0.22263,0.46171
ts+distknn(k=15),8943,2023,0.22621,0.46563
ts+distknn(k=20),8943,2042,0.22834,0.47103
ts+linproj(c=1),8943,702,0.0785,0.31829
ts+linproj(c=25),8943,1152,0.12882,0.36055
ts+linproj(c=50),8943,1018,0.11383,0.33282
