algorithm,total,TPs,TPR,MSE,underspecialized,overspecialized,same_parent,NHR,F1
baseline,200000,156827,0.784135,0.0804121341489,417,269,1398,0.794555,not implemented
distknn,200000,156612,0.78306,0.0801896691041,415,261,1345,0.793165,not implemented
linproj,200000,83131,0.415655,0.126607883658,10,839,199,0.420895,not implemented
pwlinproj,200000,95635,0.478175,0.11319818444,17,571,184,0.482035,not implemented
