algorithm,total,TPs,MSE,underspecialized,overspecialized,same_parent,NHR,F1
baseline,200000,156827,0.08041,417,269,1398,0.01042,0.78414
distknn,200000,156612,0.08019,415,261,1345,0.010105,0.78306
linproj,200000,83131,0.12661,10,839,199,0.00524,0.41566
pwlinproj,200000,95635,0.1132,17,571,184,0.00386,0.47818
