algorithm,training_samples,total,TPs,MSE,underspecialized,overspecialized,same_parent,NHR,F1
ts+kriknn(k=15&r=1),1083128,200000,156827,0.08041,417,269,1398,0.01042,0.78414
ts+distknn(k=15),1083128,200000,156612,0.08019,415,261,1345,0.010105,0.78306
ts+linproj,1083128,200000,83131,0.12661,10,839,199,0.00524,0.41566
ts+pwlinproj(c=30),1083128,200000,95635,0.1132,17,571,184,0.00386,0.47818
